0,1,0,100
1E-5,0.99793999075217,0.01,99.793999075217
2E-5,0.994487274946389,0.02,99.4487274946389
3E-5,0.990262982204344,0.03,99.0262982204344
4E-5,0.985316239038259,0.04,98.5316239038259
5E-5,0.980180162478429,0.05,98.0180162478429
6E-5,0.97402086908713,0.06,97.402086908713
7E-5,0.967640667524561,0.07,96.7640667524561
8E-5,0.961561715286225,0.08,96.1561715286225
9E-5,0.955409977218717,0.09,95.5409977218717
1E-4,0.948684977115911,0.1,94.8684977115911
1.1E-4,0.941108560772733,0.11,94.1108560772733
1.2E-4,0.932638670176745,0.12,93.2638670176745
1.3E-4,0.923357390651411,0.13,92.3357390651411
1.4E-4,0.913400772725209,0.14,91.3400772725209
1.5E-4,0.902927623109959,0.15,90.2927623109959
1.6E-4,0.892097216452693,0.16,89.2097216452693
1.7E-4,0.881051042152817,0.17,88.1051042152817
1.8E-4,0.8699027980697,0.18,86.99027980697
1.9E-4,0.858737132961166,0.19,85.8737132961166
2E-4,0.84761370100607,0.2,84.761370100607
2.1E-4,0.836573012608164,0.21,83.6573012608164
2.2E-4,0.82564145761028,0.22,82.564145761028
2.3E-4,0.814833054007523,0.23,81.4833054007523
2.4E-4,0.804159463806257,0.24,80.4159463806257
2.5E-4,0.793628761711752,0.25,79.3628761711752
2.6E-4,0.783245171735642,0.26,78.3245171735642
2.7E-4,0.773012247975891,0.27,77.3012247975891
2.8E-4,0.762931493904864,0.28,76.2931493904864
2.9E-4,0.753010114379359,0.29,75.3010114379359
3E-4,0.743244608484385,0.3,74.3244608484385
3.1E-4,0.733643286215899,0.31,73.3643286215899
3.2E-4,0.724203943057902,0.32,72.4203943057902
3.3E-4,0.714923960437951,0.33,71.4923960437951
3.4E-4,0.705803934703602,0.34,70.5803934703602
3.5E-4,0.696846809377895,0.35,69.6846809377895
3.6E-4,0.688050057527066,0.36,68.8050057527066
3.7E-4,0.679408381969828,0.37,67.9408381969828
3.8E-4,0.670919327007553,0.38,67.0919327007553
3.9E-4,0.662580743698246,0.39,66.2580743698246
4E-4,0.65438945951237,0.4,65.438945951237
4.1E-4,0.646347505441574,0.41,64.6347505441574
4.2E-4,0.638452265695674,0.42,63.8452265695674
4.3E-4,0.630698492280406,0.43,63.0698492280406
4.4E-4,0.623083489817071,0.44,62.3083489817071
4.5E-4,0.615603240167334,0.45,61.5603240167334
4.6E-4,0.60825832943889,0.46,60.825832943889
4.7E-4,0.601043115680598,0.47,60.1043115680598
4.8E-4,0.593955078802783,0.48,59.3955078802783
4.9E-4,0.586995414048537,0.49,58.6995414048537
5E-4,0.580160170308398,0.5,58.0160170308398
5.1E-4,0.573443791343651,0.51,57.3443791343651
5.2E-4,0.566843821700544,0.52,56.6843821700544
5.3E-4,0.560357850655239,0.53,56.0357850655239
5.4E-4,0.553980995556428,0.54,55.3980995556428
5.5E-4,0.547708462926565,0.55,54.7708462926565
5.6E-4,0.541539812875782,0.56,54.1539812875782
5.7E-4,0.535475497494299,0.57,53.5475497494299
5.8E-4,0.529520425897688,0.58,52.9520425897688
5.9E-4,0.523669677417556,0.59,52.3669677417556
6E-4,0.517919716596705,0.6,51.7919716596705
6.1E-4,0.512266185815862,0.61,51.2266185815862
6.2E-4,0.506703374035436,0.62,50.6703374035436
6.3E-4,0.501229934103348,0.63,50.1229934103348
6.4E-4,0.495851561239779,0.64,49.5851561239779
6.5E-4,0.490556227330044,0.65,49.0556227330044
6.6E-4,0.485345108443786,0.66,48.5345108443786
6.7E-4,0.480225347966284,0.67,48.0225347966284
6.8E-4,0.475173635386886,0.68,47.5173635386886
6.9E-4,0.470212612324108,0.69,47.0212612324108
7E-4,0.46532531693138,0.7,46.532531693138
7.1E-4,0.460511265139925,0.71,46.0511265139925
7.2E-4,0.455779241419111,0.72,45.5779241419111
7.3E-4,0.451112727840479,0.73,45.1112727840479
7.4E-4,0.446524342040998,0.74,44.6524342040998
7.5E-4,0.44200099021185,0.75,44.200099021185
7.6E-4,0.437548479876043,0.76,43.7548479876043
7.7E-4,0.433159488036943,0.77,43.3159488036943
7.8E-4,0.428837224138315,0.78,42.8837224138315
7.9E-4,0.424573679956257,0.79,42.4573679956257
8E-4,0.420381182312222,0.8,42.0381182312222
8.1E-4,0.416245276524068,0.81,41.6245276524068
8.2E-4,0.412175037474978,0.82,41.2175037474978
8.3E-4,0.408167998018157,0.83,40.8167998018157
8.4E-4,0.404208740945148,0.84,40.4208740945148
8.5E-4,0.400320516646447,0.85,40.0320516646447
8.6E-4,0.396475494025613,0.86,39.6475494025613
8.7E-4,0.392686934055364,0.87,39.2686934055364
8.8E-4,0.38896602784466,0.88,38.896602784466
8.9E-4,0.385278550307901,0.89,38.5278550307901
9E-4,0.381651860682057,0.9,38.1651860682057
9.1E-4,0.378080923297352,0.91,37.8080923297352
9.2E-4,0.374547347941083,0.92,37.4547347941083
9.3E-4,0.371071751999379,0.93,37.1071751999379
9.4E-4,0.367645479885024,0.94,36.7645479885024
9.5E-4,0.36425848850036,0.95,36.425848850036
9.6E-4,0.360924765779091,0.96,36.0924765779091
9.7E-4,0.357635620819165,0.97,35.7635620819165
9.8E-4,0.354383220706812,0.98,35.4383220706812
9.9E-4,0.351182540903585,0.99,35.1182540903585
0.001,0.348021309047248,1,34.8021309047248
0.00101,0.344897347914246,1.01,34.4897347914246
0.00102,0.341816964491625,1.02,34.1816964491625
0.00103,0.338780853619559,1.03,33.8780853619559
0.00104,0.335781995110401,1.04,33.5781995110401
0.00105,0.332813906777067,1.05,33.2813906777067
0.00106,0.329885357754226,1.06,32.9885357754226
0.00107,0.326999862603699,1.07,32.6999862603699
0.00108,0.324152068532108,1.08,32.4152068532108
0.00109,0.321328785172754,1.09,32.1328785172754
0.0011,0.318536092876309,1.1,31.8536092876309
0.00111,0.31578925691525,1.11,31.578925691525
0.00112,0.313090641348667,1.12,31.3090641348667
0.00113,0.310417851445151,1.13,31.0417851445151
0.00114,0.307760872797055,1.14,30.7760872797055
0.00115,0.305136029934941,1.15,30.5136029934941
0.00116,0.302558506737581,1.16,30.2558506737581
0.00117,0.300020733862536,1.17,30.0020733862536
0.00118,0.297495897551958,1.18,29.7495897551958
0.00119,0.294984568723824,1.19,29.4984568723824
0.0012,0.292508878485496,1.2,29.2508878485496
0.00121,0.290079169191794,1.21,29.0079169191794
0.00122,0.287688542164587,1.22,28.7688542164587
0.00123,0.285310672601979,1.23,28.5310672601979
0.00124,0.282941237320541,1.24,28.2941237320541
0.00125,0.280602177835713,1.25,28.0602177835713
0.00126,0.278301412563304,1.26,27.8301412563304
0.00127,0.276038135520192,1.27,27.6038135520192
0.00128,0.273799011060568,1.28,27.3799011060568
0.00129,0.271566769504025,1.29,27.1566769504025
0.0013,0.269352579239374,1.3,26.9352579239374
0.00131,0.267169935399686,1.31,26.7169935399686
0.00132,0.265015479372125,1.32,26.5015479372125
0.00133,0.262889993579882,1.33,26.2889993579882
0.00134,0.260785498839921,1.34,26.0785498839921
0.00135,0.258692763363588,1.35,25.8692763363588
0.00136,0.256624633978739,1.36,25.6624633978739
0.00137,0.254579294790949,1.37,25.4579294790949
0.00138,0.252558662554965,1.38,25.2558662554965
0.00139,0.250563504213452,1.39,25.0563504213452
0.0014,0.248582164099383,1.4,24.8582164099383
0.00141,0.246620761888647,1.41,24.6620761888647
0.00142,0.24467470888051,1.42,24.467470888051
0.00143,0.242754315865607,1.43,24.2754315865607
0.00144,0.24085567154949,1.44,24.085567154949
0.00145,0.238977634305859,1.45,23.8977634305859
0.00146,0.23711885047276,1.46,23.711885047276
0.00147,0.235277837818451,1.47,23.5277837818451
0.00148,0.233452727283811,1.48,23.3452727283811
0.00149,0.231639477963332,1.49,23.1639477963332
0.0015,0.229846046885115,1.5,22.9846046885115
0.00151,0.228069717911884,1.51,22.8069717911884
0.00152,0.226315906743097,1.52,22.6315906743097
0.00153,0.224583320334052,1.53,22.4583320334052
0.00154,0.222868886251464,1.54,22.2868886251464
0.00155,0.221174559904313,1.55,22.1174559904313
0.00156,0.219495237396426,1.56,21.9495237396426
0.00157,0.21782569377072,1.57,21.782569377072
0.00158,0.216165997577433,1.58,21.6165997577433
0.00159,0.214516665607336,1.59,21.4516665607336
0.0016,0.212886336988745,1.6,21.2886336988745
0.00161,0.211276030726914,1.61,21.1276030726914
0.00162,0.209686561488224,1.62,20.9686561488224
0.00163,0.208122168043802,1.63,20.8122168043802
0.00164,0.20658068871123,1.64,20.658068871123
0.00165,0.205058354631545,1.65,20.5058354631545
0.00166,0.203545776688375,1.66,20.3545776688375
0.00167,0.202031852551082,1.67,20.2031852551082
0.00168,0.200522280617135,1.68,20.0522280617135
0.00169,0.199015065299494,1.69,19.9015065299494
0.0017,0.197521611316135,1.7,19.7521611316135
0.00171,0.196050053006378,1.71,19.6050053006378
0.00172,0.194597372035627,1.72,19.4597372035627
0.00173,0.193179256464542,1.73,19.3179256464542
0.00174,0.191786369345589,1.74,19.1786369345589
0.00175,0.19041254150099,1.75,19.041254150099
0.00176,0.189053362967023,1.76,18.9053362967023
0.00177,0.187685914675859,1.77,18.7685914675859
0.00178,0.186316103367749,1.78,18.6316103367749
0.00179,0.184946464129904,1.79,18.4946464129904
0.0018,0.183576071053574,1.8,18.3576071053574
0.00181,0.18221839186856,1.81,18.221839186856
0.00182,0.180879267383588,1.82,18.0879267383588
0.00183,0.179562568487312,1.83,17.9562568487312
0.00184,0.178274454124491,1.84,17.8274454124491
0.00185,0.177017905702044,1.85,17.7017905702044
0.00186,0.1757797886319,1.86,17.57797886319
0.00187,0.174558539645074,1.87,17.4558539645074
0.00188,0.173344981869305,1.88,17.3344981869305
0.00189,0.172124644538962,1.89,17.2124644538962
0.0019,0.17090414024918,1.9,17.090414024918
0.00191,0.169677900259182,1.91,16.9677900259182
0.00192,0.168449169642346,1.92,16.8449169642346
0.00193,0.167229395661063,1.93,16.7229395661063
0.00194,0.166019515707136,1.94,16.6019515707136
0.00195,0.164830529849478,1.95,16.4830529849478
0.00196,0.16366453032706,1.96,16.366453032706
0.00197,0.162521718439064,1.97,16.2521718439064
0.00198,0.161406586164433,1.98,16.1406586164433
0.00199,0.160307481079143,1.99,16.0307481079143
0.002,0.159223006286357,2,15.9223006286357
0.00201,0.158147328541859,2.01,15.8147328541859
0.00202,0.157069343017395,2.02,15.7069343017395
0.00203,0.155992983314722,2.03,15.5992983314722
0.00204,0.154915434048558,2.04,15.4915434048558
0.00205,0.153834424462571,2.05,15.3834424462571
0.00206,0.152755929756551,2.06,15.2755929756551
0.00207,0.151684072771172,2.07,15.1684072771172
0.00208,0.150622821359526,2.08,15.0622821359526
0.00209,0.149573307164997,2.09,14.9573307164997
0.0021,0.148541132528753,2.1,14.8541132528753
0.00211,0.147526061511879,2.11,14.7526061511879
0.00212,0.146530433520639,2.12,14.6530433520639
0.00213,0.145551908524328,2.13,14.5551908524328
0.00214,0.144582436939927,2.14,14.4582436939927
0.00215,0.143626067304528,2.15,14.3626067304528
0.00216,0.142678365475553,2.16,14.2678365475553
0.00217,0.141736716870016,2.17,14.1736716870016
0.00218,0.140793324614731,2.18,14.0793324614731
0.00219,0.139852373182526,2.19,13.9852373182526
0.0022,0.13891684240407,2.2,13.891684240407
0.00221,0.137984936035675,2.21,13.7984936035675
0.00222,0.137055495751138,2.22,13.7055495751138
0.00223,0.136129849003969,2.23,13.6129849003969
0.00224,0.135215604165182,2.24,13.5215604165182
0.00225,0.134314817316088,2.25,13.4314817316088
0.00226,0.133423146632047,2.26,13.3423146632047
0.00227,0.132538018295414,2.27,13.2538018295414
0.00228,0.131663589996719,2.28,13.1663589996719
0.00229,0.130804905484952,2.29,13.0804905484952
0.0023,0.129957993470695,2.3,12.9957993470695
0.00231,0.129114135215593,2.31,12.9114135215593
0.00232,0.128273334697262,2.32,12.8273334697262
0.00233,0.127442277920587,2.33,12.7442277920587
0.00234,0.126623656777418,2.34,12.6623656777418
0.00235,0.125810773111029,2.35,12.5810773111029
0.00236,0.124996389517868,2.36,12.4996389517868
0.00237,0.124182794272584,2.37,12.4182794272584
0.00238,0.123376585935547,2.38,12.3376585935547
0.00239,0.122580690719788,2.39,12.2580690719788
0.0024,0.121790518268822,2.4,12.1790518268822
0.00241,0.121003552618963,2.41,12.1003552618963
0.00242,0.120221653955732,2.42,12.0221653955732
0.00243,0.119449794859253,2.43,11.9449794859253
0.00244,0.118690642830625,2.44,11.8690642830625
0.00245,0.117939912645819,2.45,11.7939912645819
0.00246,0.117195633942931,2.46,11.7195633942931
0.00247,0.116453119295682,2.47,11.6453119295682
0.00248,0.115716190214908,2.48,11.5716190214908
0.00249,0.114988670799007,2.49,11.4988670799007
0.0025,0.114269264964841,2.5,11.4269264964841
0.00251,0.113558061932201,2.51,11.3558061932201
0.00252,0.112845701318712,2.52,11.2845701318712
0.00253,0.112136208338913,2.53,11.2136208338913
0.00254,0.111434808318123,2.54,11.1434808318123
0.00255,0.110741806361048,2.55,11.0741806361048
0.00256,0.110058553978173,2.56,11.0058553978173
0.00257,0.1093720868918,2.57,10.93720868918
0.00258,0.108686124976287,2.58,10.8686124976287
0.00259,0.108005967909932,2.59,10.8005967909932
0.0026,0.107331340328891,2.6,10.7331340328891
0.00261,0.106666000754948,2.61,10.6666000754948
0.00262,0.106003757210885,2.62,10.6003757210885
0.00263,0.105343054944401,2.63,10.5343054944401
0.00264,0.104690437542462,2.64,10.4690437542462
0.00265,0.104044570998735,2.65,10.4044570998735
0.00266,0.103405749031656,2.66,10.3405749031656
0.00267,0.102774647608445,2.67,10.2774647608445
0.00268,0.102147141232086,2.68,10.2147141232086
0.00269,0.101526074440524,2.69,10.1526074440524
0.0027,0.10091299298688,2.7,10.091299298688
0.00271,0.100302699945026,2.71,10.0302699945026
0.00272,0.0996971308939008,2.72,9.96971308939008
0.00273,0.0990969678535827,2.73,9.90969678535827
0.00274,0.0985009892633197,2.74,9.85009892633197
0.00275,0.0979132324079873,2.75,9.79132324079873
0.00276,0.0973304825893728,2.76,9.73304825893728
0.00277,0.0967506964226961,2.77,9.67506964226961
0.00278,0.096175150993739,2.78,9.6175150993739
0.00279,0.095606209157702,2.79,9.5606209157702
0.0028,0.0950437315698059,2.8,9.50437315698059
0.00281,0.0944864574696671,2.81,9.44864574696671
0.00282,0.0939344010805488,2.82,9.39344010805488
0.00283,0.0933818038858616,2.83,9.33818038858616
0.00284,0.0928319020958004,2.84,9.28319020958004
0.00285,0.0922853302570923,2.85,9.22853302570923
0.00286,0.0917408075107566,2.86,9.17408075107566
0.00287,0.0912006582963139,2.87,9.12006582963139
0.00288,0.0906618421717873,2.88,9.06618421717873
0.00289,0.0901240136387763,2.89,9.01240136387763
0.0029,0.0895877272201894,2.9,8.95877272201894
0.00291,0.0890550413230031,2.91,8.90550413230031
0.00292,0.0885250837594572,2.92,8.85250837594572
0.00293,0.0879991985227907,2.93,8.79991985227907
0.00294,0.0874761700965334,2.94,8.74761700965334
0.00295,0.0869563284956644,2.95,8.69563284956644
0.00296,0.0864392429955026,2.96,8.64392429955026
0.00297,0.0859261081035252,2.97,8.59261081035252
0.00298,0.0854168761192913,2.98,8.54168761192913
0.00299,0.0849117645003512,2.99,8.49117645003512
0.003,0.0844121539755944,3,8.44121539755944
0.00301,0.0839173790571166,3.01,8.39173790571166
0.00302,0.0834282738493067,3.02,8.34282738493067
0.00303,0.0829458488318088,3.03,8.29458488318088
0.00304,0.0824697039668833,3.04,8.24697039668833
0.00305,0.082000479802253,3.05,8.2000479802253
0.00306,0.0815364887535572,3.06,8.15364887535572
0.00307,0.0810776166751181,3.07,8.10776166751181
0.00308,0.0806251391951416,3.08,8.06251391951416
0.00309,0.0801783914947674,3.09,8.01783914947674
0.0031,0.0797383587967868,3.1,7.97383587967868
0.00311,0.0793042630154479,3.11,7.93042630154479
0.00312,0.0788760988719743,3.12,7.88760988719743
0.00313,0.0784530674880674,3.13,7.84530674880674
0.00314,0.0780316978843351,3.14,7.80316978843351
0.00315,0.0776121984725269,3.15,7.76121984725269
0.00316,0.0771941000955911,3.16,7.71941000955911
0.00317,0.0767773011684542,3.17,7.67773011684542
0.00318,0.0763617165715041,3.18,7.63617165715041
0.00319,0.0759474586449593,3.19,7.59474586449593
0.0032,0.075535233488278,3.2,7.5535233488278
0.00321,0.0751243610751934,3.21,7.51243610751934
0.00322,0.074713317162005,3.22,7.4713317162005
0.00323,0.0742999788841654,3.23,7.42999788841654
0.00324,0.0738850764376666,3.24,7.38850764376666
0.00325,0.0734676439766346,3.25,7.34676439766346
0.00326,0.073047584188587,3.26,7.3047584188587
0.00327,0.0726256102859432,3.27,7.26256102859432
0.00328,0.0722037357180992,3.28,7.22037357180992
0.00329,0.0717852535189339,3.29,7.17852535189339
0.0033,0.0713683371584477,3.3,7.13683371584477
0.00331,0.0709527325192625,3.31,7.09527325192625
0.00332,0.0705383875176039,3.32,7.05383875176039
0.00333,0.0701253516073974,3.33,7.01253516073974
0.00334,0.0697140225492313,3.34,6.97140225492313
0.00335,0.0693006488145801,3.35,6.93006488145801
0.00336,0.0688886854115803,3.36,6.88886854115803
0.00337,0.0684818179609459,3.37,6.84818179609459
0.00338,0.0680807690013522,3.38,6.80807690013522
0.00339,0.0676883121258353,3.39,6.76883121258353
0.0034,0.0673009835048966,3.4,6.73009835048966
0.00341,0.0669220088974354,3.41,6.69220088974354
0.00342,0.0665533390826983,3.42,6.65533390826983
0.00343,0.0661893389732258,3.43,6.61893389732258
0.00344,0.065829829274249,3.44,6.5829829274249
0.00345,0.0654717895590523,3.45,6.54717895590523
0.00346,0.0651185982425193,3.46,6.51185982425193
0.00347,0.0647747999813266,3.47,6.47747999813266
0.00348,0.0644365924492466,3.48,6.44365924492466
0.00349,0.0641068727635863,3.49,6.41068727635863
0.0035,0.0637854628579293,3.5,6.37854628579293
0.00351,0.0634738236613197,3.51,6.34738236613197
0.00352,0.0631725184055244,3.52,6.31725184055244
0.00353,0.0628734268314746,3.53,6.28734268314746
0.00354,0.0625746742028898,3.54,6.25746742028898
0.00355,0.0622766781111004,3.55,6.22766781111004
0.00356,0.0619799245555937,3.56,6.19799245555937
0.00357,0.0616843857900051,3.57,6.16843857900051
0.00358,0.0613896109179147,3.58,6.13896109179147
0.00359,0.0610938342762001,3.59,6.10938342762001
0.0036,0.0608012531720352,3.6,6.08012531720352
0.00361,0.0605141487060451,3.61,6.05141487060451
0.00362,0.0602295377686603,3.62,6.02295377686603
0.00363,0.0599460329355522,3.63,5.99460329355522
0.00364,0.0596593297166797,3.64,5.96593297166797
0.00365,0.0593685351250643,3.65,5.93685351250643
0.00366,0.0590743815665396,3.66,5.90743815665396
0.00367,0.0587762936219025,3.67,5.87762936219025
0.00368,0.0584721903013749,3.68,5.84721903013749
0.00369,0.0581624170655427,3.69,5.81624170655427
0.0037,0.0578483184812479,3.7,5.78483184812479
0.00371,0.05753240666532,3.71,5.753240666532
0.00372,0.057216798785786,3.72,5.7216798785786
0.00373,0.0569025100840019,3.73,5.69025100840019
0.00374,0.0565871149030482,3.74,5.65871149030482
0.00375,0.0562704604680829,3.75,5.62704604680829
0.00376,0.055952822606035,3.76,5.5952822606035
0.00377,0.0556339437410099,3.77,5.56339437410099
0.00378,0.0553137776820235,3.78,5.53137776820235
0.00379,0.0549909923735004,3.79,5.49909923735004
0.0038,0.0546647025825877,3.8,5.46647025825877
0.00381,0.054335667756303,3.81,5.4335667756303
0.00382,0.0540059711640056,3.82,5.40059711640056
0.00383,0.0536782629083658,3.83,5.36782629083658
0.00384,0.0533542681466404,3.84,5.33542681466404
0.00385,0.0530352568153679,3.85,5.30352568153679
0.00386,0.0527216151985837,3.86,5.27216151985837
0.00387,0.0524133069248629,3.87,5.24133069248629
0.00388,0.0521116805148333,3.88,5.21116805148333
0.00389,0.0518172140031167,3.89,5.18172140031167
0.0039,0.0515280070739678,3.9,5.15280070739678
0.00391,0.0512427033028386,3.91,5.12427033028386
0.00392,0.0509598129881457,3.92,5.09598129881457
0.00393,0.0506792108905865,3.93,5.06792108905865
0.00394,0.0504021459130339,3.94,5.04021459130339
0.00395,0.0501300078576043,3.95,5.01300078576043
0.00396,0.0498639672435904,3.96,4.98639672435904
0.00397,0.0496047074099348,3.97,4.96047074099348
0.00398,0.049353341955434,3.98,4.9353341955434
0.00399,0.0491098888065381,3.99,4.91098888065381
0.004,0.0488752326944203,4,4.88752326944203
0.00401,0.0486495975284501,4.01,4.86495975284501
0.00402,0.0484321313129325,4.02,4.84321313129325
0.00403,0.0482213230936295,4.03,4.82213230936295
0.00404,0.048014546223952,4.04,4.8014546223952
0.00405,0.0478107381137846,4.05,4.78107381137846
0.00406,0.0476093561433743,4.06,4.76093561433743
0.00407,0.0474097758310265,4.07,4.74097758310265
0.00408,0.0472120167463189,4.08,4.72120167463189
0.00409,0.0470165488541076,4.09,4.70165488541076
0.0041,0.0468232607500653,4.1,4.68232607500653
0.00411,0.0466328986348435,4.11,4.66328986348435
0.00412,0.0464457144472474,4.12,4.64457144472474
0.00413,0.046261489882954,4.13,4.6261489882954
0.00414,0.0460811031879028,4.14,4.60811031879028
0.00415,0.0459028074678933,4.15,4.59028074678933
0.00416,0.0457261052805262,4.16,4.57261052805262
0.00417,0.0455497610610493,4.17,4.55497610610493
0.00418,0.0453718193853165,4.18,4.53718193853165
0.00419,0.0451924207094932,4.19,4.51924207094932
0.0042,0.0450105917088381,4.2,4.50105917088381
0.00421,0.0448263174958985,4.21,4.48263174958985
0.00422,0.0446385581564618,4.22,4.46385581564618
0.00423,0.0444467265329254,4.23,4.44467265329254
0.00424,0.0442519071055602,4.24,4.42519071055602
0.00425,0.0440545388202021,4.25,4.40545388202021
0.00426,0.0438541895928731,4.26,4.38541895928731
0.00427,0.0436513558489668,4.27,4.36513558489668
0.00428,0.0434457484433028,4.28,4.34457484433028
0.00429,0.0432380374746426,4.29,4.32380374746426
0.0043,0.0430285784543364,4.3,4.30285784543364
0.00431,0.0428155421501696,4.31,4.28155421501696
0.00432,0.0426005515544235,4.32,4.26005515544235
0.00433,0.0423829163822011,4.33,4.23829163822011
0.00434,0.0421626648143859,4.34,4.21626648143859
0.00435,0.041939919407789,4.35,4.1939919407789
0.00436,0.0417138955927087,4.36,4.17138955927087
0.00437,0.0414856942036212,4.37,4.14856942036212
0.00438,0.0412550364222701,4.38,4.12550364222701
0.00439,0.0410208835056617,4.39,4.10208835056617
0.0044,0.0407844980842342,4.4,4.07844980842342
0.00441,0.0405467898641312,4.41,4.05467898641312
0.00442,0.0403076113357515,4.42,4.03076113357515
0.00443,0.0400676760035538,4.43,4.00676760035538
0.00444,0.0398260459156632,4.44,3.98260459156632
0.00445,0.0395842587744158,4.45,3.95842587744158
0.00446,0.0393441376952555,4.46,3.93441376952555
0.00447,0.0391048642926153,4.47,3.91048642926153
0.00448,0.0388662819994964,4.48,3.88662819994964
0.00449,0.0386296273074764,4.49,3.86296273074764
0.0045,0.0383951990770613,4.5,3.83951990770613
0.00451,0.038164137638826,4.51,3.8164137638826
0.00452,0.037935371967121,4.52,3.7935371967121
0.00453,0.0377076152625065,4.53,3.77076152625065
0.00454,0.0374823827551216,4.54,3.74823827551216
0.00455,0.0372603483631128,4.55,3.72603483631128
0.00456,0.0370406659397184,4.56,3.70406659397184
0.00457,0.0368234694402935,4.57,3.68234694402935
0.00458,0.0366090974345982,4.58,3.66090974345982
0.00459,0.0363984389730219,4.59,3.63984389730219
0.0046,0.0361926610774301,4.6,3.61926610774301
0.00461,0.035990890681652,4.61,3.5990890681652
0.00462,0.0357923250649238,4.62,3.57923250649238
0.00463,0.035598266045124,4.63,3.5598266045124
0.00464,0.0354098724534957,4.64,3.54098724534957
0.00465,0.0352268491604168,4.65,3.52268491604168
0.00466,0.0350483879483914,4.66,3.50483879483914
0.00467,0.0348744651133896,4.67,3.48744651133896
0.00468,0.0347055590372613,4.68,3.47055590372613
0.00469,0.0345427188668192,4.69,3.45427188668192
0.0047,0.0343856158611901,4.7,3.43856158611901
0.00471,0.0342317857677444,4.71,3.42317857677444
0.00472,0.0340809381945259,4.72,3.40809381945259
0.00473,0.0339341926748528,4.73,3.39341926748528
0.00474,0.0337916937242078,4.74,3.37916937242078
0.00475,0.0336534272503561,4.75,3.36534272503561
0.00476,0.0335185821407679,4.76,3.35185821407679
0.00477,0.0333866438601296,4.77,3.33866438601296
0.00478,0.0332590119453198,4.78,3.32590119453198
0.00479,0.0331358860861549,4.79,3.31358860861549
0.0048,0.0330163193597372,4.8,3.30163193597372
0.00481,0.0328991890631904,4.81,3.28991890631904
0.00482,0.0327836986831879,4.82,3.27836986831879
0.00483,0.0326711012341464,4.83,3.26711012341464
0.00484,0.0325613869681769,4.84,3.25613869681769
0.00485,0.0324548185191199,4.85,3.24548185191199
0.00486,0.0323504874427863,4.86,3.23504874427863
0.00487,0.032247493097571,4.87,3.2247493097571
0.00488,0.03214647276375,4.88,3.214647276375
0.00489,0.0320468750052504,4.89,3.20468750052504
0.0049,0.0319485610815577,4.9,3.19485610815577
0.00491,0.0318498602057109,4.91,3.18498602057109
0.00492,0.0317503221956833,4.92,3.17503221956833
0.00493,0.0316503850762702,4.93,3.16503850762702
0.00494,0.0315505949164729,4.94,3.15505949164729
0.00495,0.0314519508805734,4.95,3.14519508805734
0.00496,0.0313531598685818,4.96,3.13531598685818
0.00497,0.0312541834414133,4.97,3.12541834414133
0.00498,0.0311542729874893,4.98,3.11542729874893
0.00499,0.0310534901453497,4.99,3.10534901453497
0.005,0.0309517974914249,5,3.09517974914249
0.00501,0.0308484677382387,5.01,3.08484677382387
0.00502,0.0307435837333208,5.02,3.07435837333208
0.00503,0.0306363900012181,5.03,3.06363900012181
0.00504,0.030527632827302,5.04,3.0527632827302
0.00505,0.0304179077632604,5.05,3.04179077632604
0.00506,0.0303073932528421,5.06,3.03073932528421
0.00507,0.0301960209270217,5.07,3.01960209270217
0.00508,0.0300827009479441,5.08,3.00827009479441
0.00509,0.0299665074389748,5.09,2.99665074389748
0.0051,0.029847936241631,5.1,2.9847936241631
0.00511,0.0297264965886799,5.11,2.97264965886799
0.00512,0.0296028031304001,5.12,2.96028031304001
0.00513,0.0294766336644486,5.13,2.94766336644486
0.00514,0.0293477745587013,5.14,2.93477745587013
0.00515,0.029216972367538,5.15,2.9216972367538
0.00516,0.0290843412981432,5.16,2.90843412981432
0.00517,0.0289508435840691,5.17,2.89508435840691
0.00518,0.0288163656205675,5.18,2.88163656205675
0.00519,0.0286796490019921,5.19,2.86796490019921
0.0052,0.0285405982546979,5.2,2.85405982546979
0.00521,0.0283987981469838,5.21,2.83987981469838
0.00522,0.0282540074279652,5.22,2.82540074279652
0.00523,0.0281071993778704,5.23,2.81071993778704
0.00524,0.0279583381963983,5.24,2.79583381963983
0.00525,0.0278083411781992,5.25,2.78083411781992
0.00526,0.0276578099183198,5.26,2.76578099183198
0.00527,0.0275060847293955,5.27,2.75060847293955
0.00528,0.0273538427107775,5.28,2.73538427107775
0.00529,0.0272015148697735,5.29,2.72015148697735
0.0053,0.0270483282945193,5.3,2.70483282945193
0.00531,0.0268943302354566,5.31,2.68943302354566
0.00532,0.0267387154512811,5.32,2.67387154512811
0.00533,0.0265811696064974,5.33,2.65811696064974
0.00534,0.0264227089792349,5.34,2.64227089792349
0.00535,0.026263437189741,5.35,2.6263437189741
0.00536,0.026104024405358,5.36,2.6104024405358
0.00537,0.0259457778423757,5.37,2.59457778423757
0.00538,0.025788102246553,5.38,2.5788102246553
0.00539,0.025631216905449,5.39,2.5631216905449
0.0054,0.025475269394319,5.4,2.5475269394319
0.00541,0.0253197753307264,5.41,2.53197753307264
0.00542,0.0251651338027422,5.42,2.51651338027422
0.00543,0.0250105348910351,5.43,2.50105348910351
0.00544,0.0248551771187636,5.44,2.48551771187636
0.00545,0.0247000993960789,5.45,2.47000993960789
0.00546,0.0245455079851138,5.46,2.45455079851138
0.00547,0.0243916639499701,5.47,2.43916639499701
0.00548,0.0242392111550363,5.48,2.42392111550363
0.00549,0.0240886236570172,5.49,2.40886236570172
0.0055,0.0239406453210176,5.5,2.39406453210176
0.00551,0.0237951744955546,5.51,2.37951744955546
0.00552,0.0236517548173611,5.52,2.36517548173611
0.00553,0.0235099165192323,5.53,2.35099165192323
0.00554,0.0233700289053049,5.54,2.33700289053049
0.00555,0.023231974522512,5.55,2.3231974522512
0.00556,0.0230947831946524,5.56,2.30947831946524
0.00557,0.0229589862351361,5.57,2.29589862351361
0.00558,0.0228248861122054,5.58,2.28248861122054
0.00559,0.0226930062320512,5.59,2.26930062320512
0.0056,0.0225637957077841,5.6,2.25637957077841
0.00561,0.0224372529332535,5.61,2.24372529332535
0.00562,0.0223138116292739,5.62,2.23138116292739
0.00563,0.0221940050912062,5.63,2.21940050912062
0.00564,0.0220778881104924,5.64,2.20778881104924
0.00565,0.0219640286359271,5.65,2.19640286359271
0.00566,0.021852257223558,5.66,2.1852257223558
0.00567,0.0217426788554309,5.67,2.17426788554309
0.00568,0.0216351843173703,5.68,2.16351843173703
0.00569,0.021529464870822,5.69,2.1529464870822
0.0057,0.021425006002361,5.7,2.1425006002361
0.00571,0.0213224761505886,5.71,2.13224761505886
0.00572,0.0212223954566594,5.72,2.12223954566594
0.00573,0.0211254519944054,5.73,2.11254519944054
0.00574,0.0210311190356043,5.74,2.10311190356043
0.00575,0.0209394070629268,5.75,2.09394070629268
0.00576,0.0208505848079194,5.76,2.08505848079194
0.00577,0.0207646414639441,5.77,2.07646414639441
0.00578,0.0206813237839333,5.78,2.06813237839333
0.00579,0.0205995542903184,5.79,2.05995542903184
0.0058,0.0205193342735331,5.8,2.05193342735331
0.00581,0.0204405381193126,5.81,2.04405381193126
0.00582,0.0203634925073981,5.82,2.03634925073981
0.00583,0.0202879347321521,5.83,2.02879347321521
0.00584,0.0202135620138686,5.84,2.02135620138686
0.00585,0.0201408845158905,5.85,2.01408845158905
0.00586,0.0200705813221736,5.86,2.00705813221736
0.00587,0.020003050282709,5.87,2.0003050282709
0.00588,0.0199380105708549,5.88,1.99380105708549
0.00589,0.0198748640728015,5.89,1.98748640728015
0.0059,0.019813998114685,5.9,1.9813998114685
0.00591,0.0197552977530638,5.91,1.97552977530638
0.00592,0.0196986418500809,5.92,1.96986418500809
0.00593,0.0196434175127738,5.93,1.96434175127738
0.00594,0.0195884796366597,5.94,1.95884796366597
0.00595,0.0195342427908187,5.95,1.95342427908187
0.00596,0.0194808267075945,5.96,1.94808267075945
0.00597,0.0194282938758048,5.97,1.94282938758048
0.00598,0.0193766444604569,5.98,1.93766444604569
0.00599,0.0193253612316531,5.99,1.93253612316531
0.006,0.0192749122637819,6,1.92749122637819
0.00601,0.0192258979466677,6.01,1.92258979466677
0.00602,0.0191780985930141,6.02,1.91780985930141
0.00603,0.0191313708272985,6.03,1.91313708272985
0.00604,0.0190849792773816,6.04,1.90849792773816
0.00605,0.0190386915032153,6.05,1.90386915032153
0.00606,0.0189928417752935,6.06,1.89928417752935
0.00607,0.0189471082875313,6.07,1.89471082875313
0.00608,0.0189011300049702,6.08,1.89011300049702
0.00609,0.0188544790776236,6.09,1.88544790776236
0.0061,0.0188068038982924,6.1,1.88068038982924
0.00611,0.0187586370018255,6.11,1.87586370018255
0.00612,0.0187100634230573,6.12,1.87100634230573
0.00613,0.0186610818758115,6.13,1.86610818758115
0.00614,0.0186119329106799,6.14,1.86119329106799
0.00615,0.0185622795154532,6.15,1.85622795154532
0.00616,0.0185126744674669,6.16,1.85126744674669
0.00617,0.0184636665846365,6.17,1.84636665846365
0.00618,0.0184149232625922,6.18,1.84149232625922
0.00619,0.0183664718486724,6.19,1.83664718486724
0.0062,0.0183174691834706,6.2,1.83174691834706
0.00621,0.0182676824887375,6.21,1.82676824887375
0.00622,0.0182176607089725,6.22,1.82176607089725
0.00623,0.0181670340216771,6.23,1.81670340216771
0.00624,0.0181158487027929,6.24,1.81158487027929
0.00625,0.0180639525020742,6.25,1.80639525020742
0.00626,0.0180111478058169,6.26,1.80111478058169
0.00627,0.0179577638440831,6.27,1.79577638440831
0.00628,0.0179039674061461,6.28,1.79039674061461
0.00629,0.0178497190725182,6.29,1.78497190725182
0.0063,0.0177949426428541,6.3,1.77949426428541
0.00631,0.0177396239888536,6.31,1.77396239888536
0.00632,0.0176834931324297,6.32,1.76834931324297
0.00633,0.0176271133796085,6.33,1.76271133796085
0.00634,0.0175706522096243,6.34,1.75706522096243
0.00635,0.0175135634662275,6.35,1.75135634662275
0.00636,0.0174556923744778,6.36,1.74556923744778
0.00637,0.0173965005793845,6.37,1.73965005793845
0.00638,0.0173358975415032,6.38,1.73358975415032
0.00639,0.0172739474252255,6.39,1.72739474252255
0.0064,0.0172105783767382,6.4,1.72105783767382
0.00641,0.0171457765826244,6.41,1.71457765826244
0.00642,0.0170797350341411,6.42,1.70797350341411
0.00643,0.0170123267631337,6.43,1.70123267631337
0.00644,0.0169434905856236,6.44,1.69434905856236
0.00645,0.0168737930171864,6.45,1.68737930171864
0.00646,0.0168032468722623,6.46,1.68032468722623
0.00647,0.0167316643487523,6.47,1.67316643487523
0.00648,0.0166588617188082,6.48,1.66588617188082
0.00649,0.0165849331380192,6.49,1.65849331380192
0.0065,0.0165099959382107,6.5,1.65099959382107
0.00651,0.0164346157365006,6.51,1.64346157365006
0.00652,0.0163586974987552,6.52,1.63586974987552
0.00653,0.0162821214179001,6.53,1.62821214179001
0.00654,0.01620516465247,6.54,1.620516465247
0.00655,0.0161274365256595,6.55,1.61274365256595
0.00656,0.0160488131933337,6.56,1.60488131933337
0.00657,0.0159692573134722,6.57,1.59692573134722
0.00658,0.0158892105671776,6.58,1.58892105671776
0.00659,0.015808575922455,6.59,1.5808575922455
0.0066,0.0157275365135331,6.6,1.57275365135331
0.00661,0.0156461724290413,6.61,1.56461724290413
0.00662,0.0155647168256758,6.62,1.55647168256758
0.00663,0.0154836587208871,6.63,1.54836587208871
0.00664,0.0154029109374492,6.64,1.54029109374492
0.00665,0.0153222399949013,6.65,1.53222399949013
0.00666,0.0152415213317999,6.66,1.52415213317999
0.00667,0.0151606801792055,6.67,1.51606801792055
0.00668,0.0150798613430314,6.68,1.50798613430314
0.00669,0.0149987332828249,6.69,1.49987332828249
0.0067,0.0149175764400736,6.7,1.49175764400736
0.00671,0.0148366933862532,6.71,1.48366933862532
0.00672,0.0147558923039287,6.72,1.47558923039287
0.00673,0.0146752413450655,6.73,1.46752413450655
0.00674,0.0145943041643813,6.74,1.45943041643813
0.00675,0.014513045779765,6.75,1.4513045779765
0.00676,0.014431649816276,6.76,1.4431649816276
0.00677,0.014349789384299,6.77,1.4349789384299
0.00678,0.0142674415736827,6.78,1.42674415736827
0.00679,0.0141845580346996,6.79,1.41845580346996
0.0068,0.0141014260812627,6.8,1.41014260812627
0.00681,0.0140185044241027,6.81,1.40185044241027
0.00682,0.0139355532946897,6.82,1.39355532946897
0.00683,0.0138527140340085,6.83,1.38527140340085
0.00684,0.0137700117555663,6.84,1.37700117555663
0.00685,0.0136873914626538,6.85,1.36873914626538
0.00686,0.0136049394796409,6.86,1.36049394796409
0.00687,0.013522086335698,6.87,1.3522086335698
0.00688,0.0134388456755124,6.88,1.34388456755124
0.00689,0.0133555318127551,6.89,1.33555318127551
0.0069,0.0132722304167157,6.9,1.32722304167157
0.00691,0.0131893248846995,6.91,1.31893248846995
0.00692,0.0131064981501266,6.92,1.31064981501266
0.00693,0.0130240073864175,6.93,1.30240073864175
0.00694,0.0129423342435412,6.94,1.29423342435412
0.00695,0.0128612595545286,6.95,1.28612595545286
0.00696,0.0127808441240179,6.96,1.27808441240179
0.00697,0.0127007165429919,6.97,1.27007165429919
0.00698,0.0126208600135,6.98,1.26208600135
0.00699,0.0125417144560105,6.99,1.25417144560105
0.007,0.0124633365358907,7,1.24633365358907
0.00701,0.0123857543591312,7.01,1.23857543591312
0.00702,0.0123090726727149,7.02,1.23090726727149
0.00703,0.0122335515449655,7.03,1.22335515449655
0.00704,0.0121595443473623,7.04,1.21595443473623
0.00705,0.0120870958639575,7.05,1.20870958639575
0.00706,0.0120157341476659,7.06,1.20157341476659
0.00707,0.01194536338439,7.07,1.194536338439
0.00708,0.0118759784833219,7.08,1.18759784833219
0.00709,0.011807460204667,7.09,1.1807460204667
0.0071,0.011739965845302,7.1,1.1739965845302
0.00711,0.0116731621889775,7.11,1.16731621889775
0.00712,0.0116071124956677,7.12,1.16071124956677
0.00713,0.0115421152261651,7.13,1.15421152261651
0.00714,0.0114783410308165,7.14,1.14783410308165
0.00715,0.0114158978389314,7.15,1.14158978389314
0.00716,0.0113546388996698,7.16,1.13546388996698
0.00717,0.0112942223405945,7.17,1.12942223405945
0.00718,0.0112347008185916,7.18,1.12347008185916
0.00719,0.011176115344317,7.19,1.1176115344317
0.0072,0.0111181313774543,7.2,1.11181313774543
0.00721,0.0110606597812251,7.21,1.10606597812251
0.00722,0.0110034926553625,7.22,1.10034926553625
0.00723,0.0109467717182456,7.23,1.09467717182456
0.00724,0.0108908535282226,7.24,1.08908535282226
0.00725,0.0108358129980845,7.25,1.08358129980845
0.00726,0.0107814593535698,7.26,1.07814593535698
0.00727,0.0107278093378217,7.27,1.07278093378217
0.00728,0.0106747521202285,7.28,1.06747521202285
0.00729,0.0106223672097775,7.29,1.06223672097775
0.0073,0.0105707043809531,7.3,1.05707043809531
0.00731,0.0105193638294,7.31,1.05193638294
0.00732,0.0104681724501961,7.32,1.04681724501961
0.00733,0.0104171096517696,7.33,1.04171096517696
0.00734,0.0103664641553657,7.34,1.03664641553657
0.00735,0.010316321391032,7.35,1.0316321391032
0.00736,0.0102668050614398,7.36,1.02668050614398
0.00737,0.0102178662474214,7.37,1.02178662474214
0.00738,0.0101695860926162,7.38,1.01695860926162
0.00739,0.0101222332882109,7.39,1.01222332882109
0.0074,0.0100758805696586,7.4,1.00758805696586
0.00741,0.0100304489113013,7.41,1.00304489113013
0.00742,0.00998578503070326,7.42,0.998578503070326
0.00743,0.00994170814407709,7.43,0.994170814407709
0.00744,0.00989807597946676,7.44,0.989807597946676
0.00745,0.00985505681452336,7.45,0.985505681452336
0.00746,0.00981286098630402,7.46,0.981286098630402
0.00747,0.00977132936756076,7.47,0.977132936756076
0.00748,0.00973063513828087,7.48,0.973063513828087
0.00749,0.00969082179918814,7.49,0.969082179918814
0.0075,0.00965207903434406,7.5,0.965207903434406
0.00751,0.00961469657071819,7.51,0.961469657071819
0.00752,0.00957839482807304,7.52,0.957839482807304
0.00753,0.00954310330342385,7.53,0.954310330342385
0.00754,0.00950871383037465,7.54,0.950871383037465
0.00755,0.00947518394366582,7.55,0.947518394366582
0.00756,0.00944250478914859,7.56,0.944250478914859
0.00757,0.00941049103138199,7.57,0.941049103138199
0.00758,0.00937930069839077,7.58,0.937930069839077
0.00759,0.0093487607075755,7.59,0.93487607075755
0.0076,0.00931880704058437,7.6,0.931880704058437
0.00761,0.00928966633328489,7.61,0.928966633328489
0.00762,0.00926138385286103,7.62,0.926138385286103
0.00763,0.0092341646892499,7.63,0.92341646892499
0.00764,0.00920784991428964,7.64,0.920784991428964
0.00765,0.00918221739144696,7.65,0.918221739144696
0.00766,0.00915730230646196,7.66,0.915730230646196
0.00767,0.00913301803262148,7.67,0.913301803262148
0.00768,0.00910927031571929,7.68,0.910927031571929
0.00769,0.00908575717472325,7.69,0.908575717472325
0.0077,0.00906235384264554,7.7,0.906235384264554
0.00771,0.00903909002800518,7.71,0.903909002800518
0.00772,0.00901594178441111,7.72,0.901594178441111
0.00773,0.00899291067134088,7.73,0.899291067134088
0.00774,0.00897014815695093,7.74,0.897014815695093
0.00775,0.00894771843008632,7.75,0.894771843008632
0.00776,0.00892563094410471,7.76,0.892563094410471
0.00777,0.0089038039626429,7.77,0.89038039626429
0.00778,0.00888200765204682,7.78,0.888200765204682
0.00779,0.00886041306605973,7.79,0.886041306605973
0.0078,0.00883897021627991,7.8,0.883897021627991
0.00781,0.00881757426377953,7.81,0.881757426377953
0.00782,0.00879610000391771,7.82,0.879610000391771
0.00783,0.00877426136921545,7.83,0.877426136921545
0.00784,0.00875227851991285,7.84,0.875227851991285
0.00785,0.00873015743991553,7.85,0.873015743991553
0.00786,0.00870780283782968,7.86,0.870780283782968
0.00787,0.00868531246278059,7.87,0.868531246278059
0.00788,0.00866277106547571,7.88,0.866277106547571
0.00789,0.00864025887057925,7.89,0.864025887057925
0.0079,0.00861792303934108,7.9,0.861792303934108
0.00791,0.00859568636741341,7.91,0.859568636741341
0.00792,0.00857356576281066,7.92,0.857356576281066
0.00793,0.00855173171834481,7.93,0.855173171834481
0.00794,0.00852996973838783,7.94,0.852996973838783
0.00795,0.00850814419348193,7.95,0.850814419348193
0.00796,0.00848609285932334,7.96,0.848609285932334
0.00797,0.008463863412756,7.97,0.8463863412756
0.00798,0.00844165717003211,7.98,0.844165717003211
0.00799,0.00841949890915093,7.99,0.841949890915093
0.008,0.00839726388597676,8,0.839726388597676
0.00801,0.00837514317041118,8.01,0.837514317041118
0.00802,0.00835322697147524,8.02,0.835322697147524
0.00803,0.00833162232359936,8.03,0.833162232359936
0.00804,0.00831036829415013,8.04,0.831036829415013
0.00805,0.00828929261424882,8.05,0.828929261424882
0.00806,0.00826845871567678,8.06,0.826845871567678
0.00807,0.00824799927998073,8.07,0.824799927998073
0.00808,0.0082278275186416,8.08,0.82278275186416
0.00809,0.00820786750121554,8.09,0.820786750121554
0.0081,0.00818810658262315,8.1,0.818810658262315
0.00811,0.00816840348818861,8.11,0.816840348818861
0.00812,0.00814895948888341,8.12,0.814895948888341
0.00813,0.00812963494029013,8.13,0.812963494029013
0.00814,0.00811025199999059,8.14,0.811025199999059
0.00815,0.00809089648824962,8.15,0.809089648824962
0.00816,0.00807166845389504,8.16,0.807166845389504
0.00817,0.00805276534847279,8.17,0.805276534847279
0.00818,0.00803423625718538,8.18,0.803423625718538
0.00819,0.00801594696094975,8.19,0.801594696094975
0.0082,0.00799787619770555,8.2,0.799787619770555
0.00821,0.00798005065322169,8.21,0.798005065322169
0.00822,0.00796245983791085,8.22,0.796245983791085
0.00823,0.00794485402254232,8.23,0.794485402254232
0.00824,0.00792710941872208,8.24,0.792710941872208
0.00825,0.00790913817322803,8.25,0.790913817322803
0.00826,0.00789099791849111,8.26,0.789099791849111
0.00827,0.00787283026658209,8.27,0.787283026658209
0.00828,0.00785452169015997,8.28,0.785452169015997
0.00829,0.00783595371107048,8.29,0.783595371107048
0.0083,0.00781720604047693,8.3,0.781720604047693
0.00831,0.00779835070853955,8.31,0.779835070853955
0.00832,0.00777938050776524,8.32,0.777938050776524
0.00833,0.00776018805057577,8.33,0.776018805057577
0.00834,0.00774067064151473,8.34,0.774067064151473
0.00835,0.00772079189494722,8.35,0.772079189494722
0.00836,0.00770071761291575,8.36,0.770071761291575
0.00837,0.00768052656962566,8.37,0.768052656962566
0.00838,0.00766008476027685,8.38,0.766008476027685
0.00839,0.00763938677967398,8.39,0.763938677967398
0.0084,0.0076183114360452,8.4,0.76183114360452
0.00841,0.00759684968127517,8.41,0.759684968127517
0.00842,0.0075750487415186,8.42,0.75750487415186
0.00843,0.00755274849442781,8.43,0.755274849442781
0.00844,0.00752989323429524,8.44,0.752989323429524
0.00845,0.00750642701677063,8.45,0.750642701677063
0.00846,0.00748259537082507,8.46,0.748259537082507
0.00847,0.00745851915321405,8.47,0.745851915321405
0.00848,0.00743421205635551,8.48,0.743421205635551
0.00849,0.00740973605144128,8.49,0.740973605144128
0.0085,0.00738494784435447,8.5,0.738494784435447
0.00851,0.0073600137211238,8.51,0.73600137211238
0.00852,0.00733491054141688,8.52,0.733491054141688
0.00853,0.00730948036761184,8.53,0.730948036761184
0.00854,0.00728368985491872,8.54,0.728368985491872
0.00855,0.00725748203448708,8.55,0.725748203448708
0.00856,0.0072308900270721,8.56,0.72308900270721
0.00857,0.00720402539052011,8.57,0.720402539052011
0.00858,0.00717698933506026,8.58,0.717698933506026
0.00859,0.00714978834160486,8.59,0.714978834160486
0.0086,0.00712236244325686,8.6,0.712236244325686
0.00861,0.00709465288460348,8.61,0.709465288460348
0.00862,0.00706682908751316,8.62,0.706682908751316
0.00863,0.00703889937203386,8.63,0.703889937203386
0.00864,0.00701085806534113,8.64,0.701085806534113
0.00865,0.00698264007057359,8.65,0.698264007057359
0.00866,0.0069542209759819,8.66,0.69542209759819
0.00867,0.00692581766223028,8.67,0.692581766223028
0.00868,0.00689752239408451,8.68,0.689752239408451
0.00869,0.00686937833007243,8.69,0.686937833007243
0.0087,0.00684137741129117,8.7,0.684137741129117
0.00871,0.00681349183580978,8.71,0.681349183580978
0.00872,0.0067856928098865,8.72,0.67856928098865
0.00873,0.00675796272296372,8.73,0.675796272296372
0.00874,0.00673024161284569,8.74,0.673024161284569
0.00875,0.0067025679428822,8.75,0.67025679428822
0.00876,0.00667485999009706,8.76,0.667485999009706
0.00877,0.00664709094285518,8.77,0.664709094285518
0.00878,0.00661937771733066,8.78,0.661937771733066
0.00879,0.00659186296664031,8.79,0.659186296664031
0.0088,0.00656463429591333,8.8,0.656463429591333
0.00881,0.00653769243462578,8.81,0.653769243462578
0.00882,0.00651091092271197,8.82,0.651091092271197
0.00883,0.0064842879545993,8.83,0.64842879545993
0.00884,0.00645790506032119,8.84,0.645790506032119
0.00885,0.00643162546063735,8.85,0.643162546063735
0.00886,0.00640539961509149,8.86,0.640539961509149
0.00887,0.00637914704948931,8.87,0.637914704948931
0.00888,0.00635284854699025,8.88,0.635284854699025
0.00889,0.00632659514926074,8.89,0.632659514926074
0.0089,0.00630039208445006,8.9,0.630039208445006
0.00891,0.00627424273748411,8.91,0.627424273748411
0.00892,0.00624824807779133,8.92,0.624824807779133
0.00893,0.0062222911880931,8.93,0.62222911880931
0.00894,0.00619633178553277,8.94,0.619633178553277
0.00895,0.00617033069102395,8.95,0.617033069102395
0.00896,0.00614419725248284,8.96,0.614419725248284
0.00897,0.00611804456654471,8.97,0.611804456654471
0.00898,0.00609182324914593,8.98,0.609182324914593
0.00899,0.00606540804838579,8.99,0.606540804838579
0.009,0.00603886380388568,9,0.603886380388568
0.00901,0.0060122806171596,9.01,0.60122806171596
0.00902,0.00598580008011712,9.02,0.598580008011712
0.00903,0.00595939986632098,9.03,0.595939986632098
0.00904,0.00593303831225291,9.04,0.593303831225291
0.00905,0.00590662463416314,9.05,0.590662463416314
0.00906,0.00588020810696826,9.06,0.588020810696826
0.00907,0.00585377114670668,9.07,0.585377114670668
0.00908,0.00582713471405709,9.08,0.582713471405709
0.00909,0.00580033637693599,9.09,0.580033637693599
0.0091,0.00577333670544655,9.1,0.577333670544655
0.00911,0.00574614433874968,9.11,0.574614433874968
0.00912,0.00571882296985567,9.12,0.571882296985567
0.00913,0.00569132867957651,9.13,0.569132867957651
0.00914,0.00566374181946024,9.14,0.566374181946024
0.00915,0.00563615881011703,9.15,0.563615881011703
0.00916,0.00560860463937676,9.16,0.560860463937676
0.00917,0.00558095355183154,9.17,0.558095355183154
0.00918,0.00555316023533339,9.18,0.555316023533339
0.00919,0.00552521889859189,9.19,0.552521889859189
0.0092,0.00549713573269015,9.2,0.549713573269015
0.00921,0.00546893970413245,9.21,0.546893970413245
0.00922,0.00544054043803835,9.22,0.544054043803835
0.00923,0.00541187944673306,9.23,0.541187944673306
0.00924,0.00538309600990241,9.24,0.538309600990241
0.00925,0.00535425940962444,9.25,0.535425940962444
0.00926,0.00532534283715969,9.26,0.532534283715969
0.00927,0.00529640773408452,9.27,0.529640773408452
0.00928,0.00526739479354295,9.28,0.526739479354295
0.00929,0.00523837698797762,9.29,0.523837698797762
0.0093,0.00520939784076432,9.3,0.520939784076432
0.00931,0.00518037703078427,9.31,0.518037703078427
0.00932,0.00515129142167612,9.32,0.515129142167612
0.00933,0.00512211679410361,9.33,0.512211679410361
0.00934,0.00509294157656963,9.34,0.509294157656963
0.00935,0.00506376917247824,9.35,0.506376917247824
0.00936,0.00503461814541637,9.36,0.503461814541637
0.00937,0.00500550927825888,9.37,0.500550927825888
0.00938,0.00497651483278855,9.38,0.497651483278855
0.00939,0.00494778810042479,9.39,0.494778810042479
0.0094,0.00491937477777333,9.4,0.491937477777333
0.00941,0.0048911934029995,9.41,0.48911934029995
0.00942,0.00486320808875101,9.42,0.486320808875101
0.00943,0.00483541725913992,9.43,0.483541725913992
0.00944,0.00480781382035188,9.44,0.480781382035188
0.00945,0.00478041393229114,9.45,0.478041393229114
0.00946,0.00475314793125137,9.46,0.475314793125137
0.00947,0.00472601556695583,9.47,0.472601556695583
0.00948,0.00469904960614237,9.48,0.469904960614237
0.00949,0.00467232951470547,9.49,0.467232951470547
0.0095,0.00464587690909553,9.5,0.464587690909553
0.00951,0.00461967449300388,9.51,0.461967449300388
0.00952,0.00459372072400013,9.52,0.459372072400013
0.00953,0.00456805152875636,9.53,0.456805152875636
0.00954,0.00454267092451556,9.54,0.454267092451556
0.00955,0.00451761088554836,9.55,0.451761088554836
0.00956,0.00449279931713387,9.56,0.449279931713387
0.00957,0.00446815029098635,9.57,0.446815029098635
0.00958,0.00444370074038618,9.58,0.444370074038618
0.00959,0.00441946263674175,9.59,0.441946263674175
0.0096,0.00439540400445196,9.6,0.439540400445196
0.00961,0.00437149510990987,9.61,0.437149510990987
0.00962,0.00434769365193978,9.62,0.434769365193978
0.00963,0.00432406146867193,9.63,0.432406146867193
0.00964,0.00430070763441648,9.64,0.430070763441648
0.00965,0.00427761378492202,9.65,0.427761378492202
0.00966,0.00425483392119997,9.66,0.425483392119997
0.00967,0.00423229375844321,9.67,0.423229375844321
0.00968,0.00420998003414358,9.68,0.420998003414358
0.00969,0.00418790821530984,9.69,0.418790821530984
0.0097,0.00416600224154457,9.7,0.416600224154457
0.00971,0.00414428056514138,9.71,0.414428056514138
0.00972,0.00412267734425918,9.72,0.412267734425918
0.00973,0.00410114707426911,9.73,0.410114707426911
0.00974,0.00407977826782345,9.74,0.407977826782345
0.00975,0.00405862517256177,9.75,0.405862517256177
0.00976,0.00403771903377814,9.76,0.403771903377814
0.00977,0.00401703237778318,9.77,0.401703237778318
0.00978,0.00399656422123343,9.78,0.399656422123343
0.00979,0.00397632108283542,9.79,0.397632108283542
0.0098,0.00395636974866148,9.8,0.395636974866148
0.00981,0.00393663605926317,9.81,0.393663605926317
0.00982,0.00391704049166706,9.82,0.391704049166706
0.00983,0.00389760020385235,9.83,0.389760020385235
0.00984,0.00387826897389386,9.84,0.387826897389386
0.00985,0.00385911010909159,9.85,0.385911010909159
0.00986,0.00384008152424501,9.86,0.384008152424501
0.00987,0.00382111841513376,9.87,0.382111841513376
0.00988,0.00380223408652561,9.88,0.380223408652561
0.00989,0.00378338876611249,9.89,0.378338876611249
0.0099,0.00376459335671828,9.9,0.376459335671828
0.00991,0.00374587529506835,9.91,0.374587529506835
0.00992,0.00372728728448673,9.92,0.372728728448673
0.00993,0.00370878284214916,9.93,0.370878284214916
0.00994,0.00369036255562497,9.94,0.369036255562497
0.00995,0.00367202439658647,9.95,0.367202439658647
0.00996,0.0036537508495601,9.96,0.36537508495601
0.00997,0.00363559779095733,9.97,0.363559779095733
0.00998,0.00361744070074804,9.98,0.361744070074804
0.00999,0.00359920838047618,9.99,0.359920838047618
